"What contrasts with quantitative trait, includes type tongue curling ability, and includes type brown, black, or red hair? (Mendelian trait)"
"What is a type of state of matter, has molecules move freely, and is a site of diffusion? (liquid)"
"What converts CO - sugar, has part leaf, and can be grass? (plant)"
"What eats mice, eats voles, and contrasts with eagle? (owl)"
"What is a part of kidney bean plant, is eaten by quails, and is eaten by skunks? (fruit)"
"What is driven by electrical field, has example aromatic molecules in air, and is defined as from higher concentration? (diffusion)"
"What eats voles, is a type of prey, and eats Insects? (skunk)"
"What is a component of ice, has cohesion, and has � degrees C.? (water)"
"What can be coffee, can be sugar water, and is a result of dissolving? (solution)"
"What occurs at site living cells, is a principle illustrated in egg in vinegar experiment, and is defined as permeable membrane from hi? (osmosis)"
"What eats quails, eats Insects, and eats spiders? (skunk)"
"What dissolves in water, can be monosaccharide, and is a type of nutrients in intestine? (sugar)"
"What has organelle rough ER, has organelle nucleus, and has subcellular structure cytoskeleton? (eukaryotic cell)"
"What can be lysine, is provided by beans, and can be phenylalanine? (amino acid)"
"What contrasts with oil, is an input to precipitation, and dissolves solute? (water)"
"What eats frogs and toads, is eaten by shrews, and eats leaf-feeding birds? (snake)"
"What is a type of prey, is eaten by raccoons, and eats carrions? (earthworm)"
"What can be snake, can be woodpecker, and can be lizard? (prey)"
"What is eaten by raccoons, is a type of prey, and eats fruit? (shrew)"
"What involves movement of molecules to lower concentration, is defined as movement of molecules, and occurs at site living cells? (diffusion)"