"What is a type of state change process, has opposite condensation, and has output gas? (evaporation) [oxygen 17, oxygen 15, oxygen 18] "
"What is an important part of living things, is capillary action, and has solvent? (water) [conc. to low conc. of H2O, nitrogen, phosphorus] "
"What can be ice, is defined as molecules vibrate in place, and has function solute? (solid) [long arm, typically liquid, nitrogenous base]"
"What is eaten by earthworm, contains chlorophyll, and is a part of plant? (leaf) [takes on shape of container, angiosperm, germination] "
"What can be freezing, is a characteristic of matter, and produces change of state? (state change process) [usually involves H2O moving, molecules retain positions, human population of world] "
"What has part -N-C-C- backbone, can be tyrosine, and is a subunit of protein? (amino acid) [valine, NaCl, ribose] "
"What is eaten by shrew, is eaten by woodpecker, and is eaten by skunk? (spider) [fungi, owl population, rabbit population] "
"What produces water climbing paper, is a characteristic of water & wood, and is produced by hydrogen bonding? (adhesion) [nonpolar substance, thymidine triphosphate, protein synthesis] "
"What takes shape of container, contrasts with solid, and can be solution? (liquid) [aspartic acid, glutamic acid, hydrophilic molecules] "
"What has organelle Golgi body, has subcellular structure chromosome, and has organelle cytoplasm? (protist cell) [two rounds of cell division, usually many per cell, regulate flow into/out of cell] "