"What eats mice, eats skunks, and eats shrews? (bobcat) [woodpecker, twig-feeding bird, squirrel]"
"What eats seeds, eats Insects, and eats earthworms? (quail) [owl, hawk, millipede]"
"What eats mice, eats deer, and is a type of predator? (mountain lion) [vole, raccoon, rabbit]"
"What is eaten by foxes, is eaten by leaf-feeding birds, and is eaten by shrews? (Insect) [lizard, twig-feeding bird, millipede]"
"What eats centipedes, eats earthworms, and eats herbs? (shrew) [vole, owl, hawk]"
"What eats opossums, eats raccoons, and is a type of predator? (bobcat) [woodpecker, twig-feeding bird, squirrel]"
"What eats Insects, is a type of predator, and is eaten by bobcats? (quail) [owl, hawk, millipede]"
"What is eaten by hawks, is eaten by mice, and is eaten by frogs and toads? (Insect) [lizard, twig-feeding bird, millipede]"
"What is a type of predator, eats bark, and eats seeds? (squirrel) [owl, fox, leaf-feeding bird]"
"What is eaten by raccoons, eats nuts, and is eaten by bobcats? (shrew) [vole, owl, hawk]"