"What is a stage of S stage, has a process including DNA synthesis, and is a stage of meiosis? (interphase I)"
"What includes glucose, includes deoxyribose, and is a type of sugar? (monosaccharide)"
"What is a type of solute, is polar, and is a type of polar substance? (salt)"
"What can be RNA, has carbon, and has oxygen? (nucleic acid)"
"What is composed of bonds, has state change process, and can be a polar substance? (matter)"
"What has leaves, has a trunk, and has roots? (tree)"
"What is polar, has an oxygen atom, and has a hydrogen atom? (water molecule)"
"What includes salt water, includes sugar water, and is the site of evaporation? (evaporating solution)"
"What is a stage in which one would find unreplicated chromosome, follows metaphase II, and is a stage of meiosis? (anaphase II)"
"What is eaten by foxes, is eaten by mountain lions, and is eaten by hawks? (rabbit)"
"What is eaten by spiders, is eaten by voles, and is eaten by mice? (millipede)"
"What is supported by the style, is a part of flower, and collects pollen? (stigma)"
"What is eaten by earthworms, is eaten by millipedes, and is eaten by rabbits? (grass)"
"What is eaten by voles, is eaten by woodpeckers, and is eaten by mice? (praying insect)"
"What is connected to leaves, is a part of smaller flowering plant, and is a part of kidney bean plant? (stem)"
"What has solid, contains solute, and is a function of oil? (solvent)"
"What is supported by the filament, is a part of flower, and yields pollen? (anther)"
"What is produced by cohesion, is produced by hydrogen bonding, and is a characteristic of adhesion? (capillary action)"
"What is followed by telophase, is a stage in which one would find unreplicated chromosomes, and follows metaphase? (anaphase)"
"What is composed of hydrogen atoms, is composed of nitrogen atoms, and is composed of carbon atoms? (nucleic acids)"
"What is an organelle of the plant cell, is an organelle of the fungal cell, and is a type of organelle? (Golgi body)"
"What acts on ice, is a type of state change process, and is the opposite of freezing? (melting)"
"What is eaten by bobcats, is eaten by owls, and is a raptor? (hawk)"
"What is a part of tree, is a part of smaller flowering plant, and releases water vapor? (leaves)"
"What includes food in pure water, occurs at the cell membrane, and is driven by the concentration gradient? (osmosis)"
"What is a characteristic of mammals, occurs at the cytoplasm, and interacts with systemic respiration? (cellular respiration)"
"What is eaten by bobcats, is eaten by foxes, and is eaten by owls? (squirrel)"
"What is composed of atoms, is described by the periodic table, and includes oxygen? (element)"
"What is a stage in which one would find unreplicated chromosomes, can be pollen, and can be an egg? (gamete)"
"What is a type of primary consumer, is eaten by snakes, and is eaten by opossums? (leaf-feeding bird)"
"What is followed by interphase, follows telophase, and follows mitosis? (cytokinesis)"
"What is a stage in which one would find replicated chromosome, follows interphase, and is followed by prometaphase? (prophase)"
"What is interrupted by amphipathic molecule, is produced by hydrogen bonding, and is produced by cohesion? (surface tension)"
"What is a component in living things, is composed of atoms, and can be a polar substance? (matter)"
"What is eaten by shrews, is eaten by skunks, and is eaten by raccoons? (mouse)"
"What is a part of kidney bean, yields seedling, and is created from fertilization of egg? (embryo)"
"What can be a deer, can be a centipede, and can be a hawk? (prey)"
"What has variant allele, is a part of chromosomes, and is composed of DNA? (gene)"
"What includes carbon, is a part of organic molecule, and includes oxygen? (CHNOPS)"
"What is composed of atoms, includes carbon, and includes oxygen? (element)"
"What can be sublimation, can be freezing, and can be condensation? (state change process)"
"What includes organisms in role primary consumer, includes organisms in role producer, and includes organisms in role decomposer? (chaparral community)"
"What is followed by fertilization, is aided by pollinators, and is produced by pollinators? (pollination)"
"What has metabolism, has cellular respiration, and has digestion? (mammals)"
"What is eaten by voles, is eaten by woodpeckers, and is eaten by mice? (spider)"