"What is eaten by woodpeckers, has part embryo, and has part cotyledons? (seed) [owl, squirrel, nut]"
"What has part leaf, produces cellulose, and has part style? (plant) [carpel, flower, tree]"
"What eats buds and twigs, is eaten by bobcats, and eats bark? (porcupine) [shrew, owl, skunk]"
"What has diffusion, has molecules move freely, and is a type of state of matter? (liquid) [solute, solid, movement of molecules]"
"What contains sugars, has function attracts animals, and is eaten by raccoons? (fruit) [vole, turtle, earthworm]"
"What is an output of freezing, is a type of solid, and has component water? (ice) [state of matter, hydrogen, oxygen]"
"What changes state via condensation, is polar, and is an input to evaporation? (water) [salt, table sugar, sugar]"
"What has stage anaphase I, has stage interphase I, and process in eukaryotic cell? (meiosis) [S stage, cell growth and development, G stage]"
"What is required in dissolving, can be table sugar, and dissolves in water? (solute) [polar substance, polar molecule, polar dye]"
"What produces pollen, has part nut, and produces cellulose? (plant) [tree, shrub, anther]"