"What contains chromosome, is an organelle of eukaryotic cell, and is a type of organelle? (nucleus) [new genetic recombinations, protein synthesis, cell membrane]"
" What is autotrophic, converts CO - sugar, and produces cellulose? (plant) [coevolution, carbohydrates, carbohydrate synthesis] "
"What has component oxygen, changes state via melting, and is a part of living things? (water) [glycolysis, saturated, food coloring]"
"What has organelle cell membrane, has subcellular structure cytoskeleton, and has subcellular structure chromosome? (eukaryotic cell) [important in membranes, RNA nucleotide, new genetic recombinations]"
"What has subcellular structure centriole, has subcellular structure cytoskeleton, and has organelle lysosome? (animal cell) [eagle pellet, RNA nucleotide, inorganic molecule]"
"What has chloroplast, has organelle central vacuole, and has organelle smooth ER? (plant cell) [lipid synthesis, adenine, mitotic spindle disassembles]"
"What occurs at site cytoplasm, is defined as of that molecule, and is driven by electrical field? (diffusion) [Golgi apparatus, atoms, holds electron weakly]"
"What is a component of ice, is a type of solvent, and dissolves solute? (water) [hydrogen atom, dissolving, nucleic acid]"
"What has consequence H2O moves out of celery, causes permeable membrane, and causes H2O to move across semi-? (food in saturated salt HO) [disaccharide, organic molecule, water vapor]"
" What eats seed, eats leaf, and eats fruit? (squirrel) [fertilization, takes on shape of container, insects]"