"What is eaten by voles, is eaten by frogs and toads, and is a type of decomposer? (earthworm) [shrew, spider, insect]"
"What is a type of prey, is eaten by squirrels, and is eaten by hawks? (woodpecker) [shrew, bobcat, fox]"
"What is eaten by bobcats, eats twig-feeding birds, and has characteristic strong digestive juices? (hawk) [owl, insect, opossum]"
"What eats voles, eats fruit, and eats earthworms? (raccoon) [turtle, herb, insect]"
"What eats herbs, eats leaves, and eats bark? (porcupine) [deer, earthworm, rabbit]"
"What is a type of prey, eats skunks, and is weak digestive juices? (owl) [vole, turtle, fox]"
"What is eaten by woodpeckers, is eaten by deer, and is eaten by squirrels? (nut) [owl, leaf, herb]"
"What is eaten by shrews, has dormancy, and is eaten by voles? (seed) [owl, earthworm, herb]"
"What has subcellular structure spindle fibers, has organelle cell membrane, and is animal- or plantlike? (protist cell) [plant cell, fungal cell, animal cell]"
"What is eaten by hawks, is eaten by owls, and is a type of predator? (leaf-feeding bird) [vole, squirrel, insect]"