"What is an input to freezing, changes state via melting, and has adhesion? (water) [solid, 0 degrees C, state change process]"
"What has part stigma, has part ovary, and is located in inner ring of flower structure? (pistil) [style, female part, carpel]"
"What has example salt, dissolves in water, and is required in dissolving? (solute) [polar substance, solvent, polar molecule]"
"What can be rabbit, can be porcupine, and can be squirrel? (prey) [owl, nut, leaf]"
"What can be lizard, can be centipede, and can be raccoon? (predator) [vole, shrew, mountain lion]"
"What is defined as found in living things, can be protein, and has part CHNOPS? (organic molecule) [carbon, hydrogen, oxygen]"
"What can be protist cell, is a part of eukaryote, and can be animal cell? (eukaryotic cell) [Golgi body, chloroplast, smooth ER]"
"What can be fox, can be mouse, and can be owl? (prey) [squirrel, fruit, snake]"
"What is an organelle of eukaryotic cell, is an organelle of animal cell, and is an organelle of fungal cell? (Golgi body) [cell wall, chloroplast, central vacuole]"
"What is defined as cell division, is followed by prophase, and has stage S stage? (interphase) [G2 stage, replicated chromosome, G stage]"