"What is eaten by spiders, is eaten by Insects, and is eaten by quails? (centipede) [praying insect, insect, skunk]"
"What is eaten by woodpeckers, is a type of prey, and eats millipedes? (spider) [vole, owl, squirrel]"
"What has subcellular structure cytoskeleton, has subcellular structure spindle fibers, and has subcellular structure cilia? (protist cell) [plant cell, fungal cell, animal cell]"
"What is eaten by owls, is eaten by turtles, and eats fruit? (insect) [shrew, squirrel, rabbit]"
"What eats shrews, eats skunks, and eats twig-feeding birds? (owl) [bobcat, insect, centipede]"
"What develops from enlarged ovary wall, is eaten by raccoons, and is eaten by shrews? (fruit) [vole, earthworm, mouse]"
"What is a type of prey, eats mice, and eats earthworms? (raccoon) [vole, owl, herb]"
"What is composed of phosphorus atoms, is a clas of compounds in living things, and is a type of organic molecule? (nucleic acids) [carbohydrates, proteins, lipids]"
"What eats bark, eats leaves, and is eaten by turtles? (insect) [porcupine, earthworm, squirrel]"
"What is a type of prey, has characteristic strong stomach muscles, and eats quails? (hawk) [owl, earthworm, squirrel]"