{
    "1306": "1306_chasepaymentech.com.html", 
    "1300": "1300_chicagomarathon.com.html", 
    "1261": "1261_zacks.com.html", 
    "1264": "1264_citizen.org.html", 
    "133": "133_fortune.com.html", 
    "135": "135_instagram.com.html", 
    "26": "26_nytimes.com.html", 
    "1545": "1545_taylorswift.com.html", 
    "20": "20_theatlantic.com.html", 
    "21": "21_imdb.com.html", 
    "320": "320_essence.com.html", 
    "1070": "1070_wnep.com.html", 
    "541": "541_ifsa-butler.org.html", 
    "1468": "1468_rockstargames.com.html", 
    "919": "919_uh.edu.html", 
    "348": "348_walmart.com.html", 
    "760": "760_nationalzoo.si.edu.html", 
    "1673": "1673_tulsaworld.com.html", 
    "676": "676_restaurantnews.com.html", 
    "1099": "1099_motortrend.com.html", 
    "1498": "1498_ticketmaster.com.html", 
    "777": "777_education.jlab.org.html", 
    "1703": "1703_basketball-reference.com.html", 
    "59": "59_liquor.com.html", 
    "58": "58_esquire.com.html", 
    "1708": "1708_yardbraker.com.html", 
    "414": "414_washingtonian.com.html", 
    "1419": "1419_miaminewtimes.com.html", 
    "531": "531_archives.gov.html", 
    "1666": "1666_wsmv.com.html", 
    "591": "591_sites.google.com.html", 
    "988": "988_solarviews.com.html", 
    "1083": "1083_thecarconnection.com.html", 
    "891": "891_everydayhealth.com.html", 
    "701": "701_tangeroutlet.com.html", 
    "1089": "1089_freep.com.html", 
    "394": "394_newsbusters.org.html", 
    "82": "82_drinksmixer.com.html", 
    "1713": "1713_latinpost.com.html", 
    "928": "928_ideas.repec.org.html", 
    "1252": "1252_cincymuseum.org.html", 
    "523": "523_usa.gov.html", 
    "1017": "1017_sci-news.com.html", 
    "1259": "1259_fool.com.html", 
    "586": "586_cariboucoffee.com.html", 
    "584": "584_communitycoffee.com.html", 
    "581": "581_coffeereview.com.html", 
    "303": "303_reddit.com.html", 
    "105": "105_amazon.com.html", 
    "907": "907_earthkam.org.html", 
    "33": "33_nbc.com.html", 
    "32": "32_theverge.com.html", 
    "641": "641_gamerankings.com.html", 
    "640": "640_gamestop.com.html", 
    "642": "642_thefreedictionary.com.html", 
    "1539": "1539_geocaching.com.html", 
    "883": "883_ted.com.html", 
    "1224": "1224_austincc.edu.html", 
    "627": "627_dairyqueen.com.html", 
    "1221": "1221_gwdocs.com.html", 
    "571": "571_abita.com.html", 
    "453": "453_barnesandnoble.com.html", 
    "331": "331_tgifridays.com.html", 
    "456": "456_boardgamegeek.com.html", 
    "744": "744_minecraft.gamepedia.com.html", 
    "175": "175_mlb.mlb.com.html", 
    "856": "856_sciencemag.org.html", 
    "1636": "1636_fightingillini.com.html", 
    "1637": "1637_dailyillini.html", 
    "1582": "1582_msn.com.html", 
    "186": "186_abcnews.go.com.html", 
    "652": "652_primagames.com.html", 
    ".DS": ".DS_Store", 
    "503": "503_buffalowildwings.com.html", 
    "1034": "1034_autoblog.com.html", 
    "635": "635_playstation.com.html", 
    "98": "98_neworleansonline.com.html", 
    "228": "228_gawker.com.html", 
    "164": "164_adweek.com.html", 
    "93": "93_pbs.org.html", 
    "962": "962_lynda.com.html", 
    "862": "862_disinfo.com.html", 
    "1028": "1028_redorbit.com.html", 
    "1106": "1106_allstate.com.html", 
    "723": "723_dogbreedinfo.com.html", 
    "817": "817_ironhorsevineyards.com.html", 
    "1510": "1510_jibjab.com.html", 
    "1164": "1164_hemmings.com.html", 
    "559": "559_loc.gov.html", 
    "745": "745_eatchicken.com.html", 
    "746": "746_kraftrecipes.com.html", 
    "884": "884_naturalnews.com.html", 
    "1205": "1205_opensecrets.org.html", 
    "1206": "1206_dcccd.edu.html", 
    "1050": "1050_honda.com.html", 
    "1618": "1618_sltrib.com.html", 
    "955": "955_mohegansun.com.html", 
    "1470": "1470_store.steampowered.com.html", 
    "1610": "1610_post-gazette.com.html", 
    "1694": "1694_lids.com.html", 
    "325": "325_ocregister.com.html", 
    "200": "200_washingtonpost.com.html", 
    "144": "144_style.com.html", 
    "202": "202_foodallergy.org.html", 
    "207": "207_dictionary.reference.com.html", 
    "898": "898_uptodate.com.html", 
    "70": "70_allrecipes.com.html", 
    "481": "481_fredericknewspost.com.html", 
    "940": "940_wikitravel.org.html", 
    "1683": "1683_dailynews.com.html", 
    "1360": "1360_thehill.com.html", 
    "1361": "1361_news.yahoo.com.html", 
    "686": "686_military.com.html", 
    "807": "807_lodgemfg.com.html", 
    "359": "359_vikings.com.html"
}
